{"episode/reward": -278.21117251107745, "episode/length": 100, "episode/number": 131, "_timestamp": 1757080571.132474, "_runtime": 219.8030378818512, "_step": 8264, "evaluation/reward": -336.4763151190874, "evaluation/episode": 130, "training/critic_loss": 5.335344314575195, "training/timestep": 13108, "training/buffer_size": 13108, "training/exploration_noise": 0.5975556783919598, "training/actor_loss": 78.41838836669922, "training/q_value": -78.41439819335938}