{"episode/reward": -274.80313841141066, "episode/length": 100, "episode/number": 151, "_timestamp": 1757082057.591511, "_runtime": 179.03380393981934, "_step": 10313, "evaluation/reward": -321.83482627814266, "evaluation/episode": 150, "training/critic_loss": 1.0172319412231445, "training/timestep": 15133, "training/buffer_size": 15133, "training/exploration_noise": 0.5969451256281407, "training/actor_loss": 15.651263236999512, "training/q_value": -15.647293090820312}