{"episode/reward": -304.86011502458933, "episode/length": 100, "episode/number": 73, "_timestamp": 1757080875.9739683, "_runtime": 45.09658932685852, "_step": 2422, "evaluation/reward": -361.9711697267434, "evaluation/episode": 70, "training/critic_loss": 7.101682662963867, "training/timestep": 7336, "training/buffer_size": 7336, "training/exploration_noise": 0.5992959798994975, "training/actor_loss": 50.77931594848633, "training/q_value": -50.77531433105469}