{"timestep": 16338, "step_reward": -9.122333027704956, "cumulative_episode_reward": -872.6753937462929, "_timestamp": 1757085034.5730493, "_runtime": 41.5709023475647, "_step": 16422, "episode_num": 81, "episode_reward": -855.81790462698, "episode_length": 200, "eval_reward": -1525.059895716669, "eval_episode": 4}