{"episode/reward": -274.63121468628435, "episode/length": 100, "episode/number": 479, "_timestamp": 1757067433.5047326, "_runtime": 458.9230525493622, "_step": 43495, "evaluation/reward": -338.7514613729003, "evaluation/episode": 475, "training/critic_loss": 11.66274642944336, "training/timestep": 47922, "training/buffer_size": 47922, "training/exploration_noise": 0.5870589949748743, "training/actor_loss": 170.0767364501953, "training/q_value": -170.07278442382812, "_wandb": {"runtime": 455}}