{"timestep": 100000, "step_reward": -0.006416784953496205, "cumulative_episode_reward": -319.4440628410786, "_timestamp": 1757085038.9863546, "_runtime": 518.9481976032257, "_step": 175519, "episode_num": 500, "episode_reward": -319.4440628410786, "episode_length": 200, "eval_reward": -196.6395909294401, "eval_episode": 21, "critic_loss": 24.71697235107422, "actor_loss": 64.16073608398438, "q1_value": -73.68394470214844, "q2_value": -73.73280334472656, "target_q": -73.79763793945312, "_wandb": {"runtime": 550}}