{"step": 5400, "train/critic_loss_step": 0.039910659193992615, "train/actor_loss_step": -6.5596747398376465, "train/q_loss_step": -8.0234375, "train/distill_loss_step": 0.4016496241092682, "train/loss_bc_flow_step": 1.0621131658554077, "_timestamp": 1755098934.2919238, "_runtime": 1571.5673248767853, "_step": 28, "epoch": 2, "train/critic_loss": 0.04522553133707012, "_wandb": {"runtime": 1555}}