{"episode/reward": -274.13936429824184, "episode/length": 100, "episode/number": 130, "_timestamp": 1757082207.149707, "_runtime": 218.0436990261078, "_step": 8236, "evaluation/reward": -324.40394728254535, "evaluation/episode": 130, "training/critic_loss": 1.821169376373291, "training/timestep": 13081, "training/buffer_size": 13081, "training/exploration_noise": 0.5975638190954774, "training/actor_loss": 14.444072723388672, "training/q_value": -14.440128326416016}