{"episode/reward": -271.5729566948885, "episode/length": 100, "episode/number": 343, "_timestamp": 1757067840.372758, "_runtime": 359.68828082084656, "_step": 29743, "evaluation/reward": -326.40126949251646, "evaluation/episode": 340, "training/critic_loss": 10.089664459228516, "training/timestep": 34333, "training/buffer_size": 34333, "training/exploration_noise": 0.5911561809045226, "training/actor_loss": 167.1358642578125, "training/q_value": -167.1318817138672}